entrez_id,gene_name,in_glycolysis
54464,XRN1,0
2645,GCK,1
5528,PPP2R5D,1
3099,HK2,1
5515,PPP2CA,1
5211,PFKL,1
8428,STK24,0
4163,MCC,0
5531,PPP4C,0
2597,GAPDH,1
8453,CUL2,0
9641,IKBKE,0
4913,NTHL1,0
56998,CTNNBIP1,0
2175,FANCA,0
402,ARL2,0
5451,POU2F1,0
5452,POU2F2,0
10971,YWHAQ,0
5338,PLD2,0
5581,PRKCE,0
50617,ATP6V0A4,0
3195,TLX1,0
379,ARL4D,0
57062,DDX24,0
2026,ENO2,1
51477,ISYNA1,0
64949,MRPS26,0
5223,PGAM1,1
10425,ARIH2,0
10073,SNUPN,0
7167,TPI1,1
10542,LAMTOR5,0
5052,PRDX1,0
54622,ARL15,0
55643,BTBD2,0
3910,LAMA4,0
5050,PAFAH1B3,0
56144,PCDHA4,0
5717,PSMD11,0
5272,SERPINB9,0
7083,TK1,0
6118,RPA2,0
1452,CSNK1A1,0
5970,RELA,0
2023,ENO1,1
5520,PPP2R2A,0
5313,PKLR,1
7439,BEST1,0
83992,CTTNBP2,0
55917,CTTNBP2NL,0
85369,STRIP1,0
25843,MOB4,0
11235,PDCD10,0
5518,PPP2R1A,1
80143,SIKE1,0
10494,STK25,0
6801,STRN,0
80342,TRAF3IP3,0
5516,PPP2CB,1
5522,PPP2R2C,0
5525,PPP2R5A,0
261726,TIPRL,0
3717,JAK2,0
5213,PFKM,1
5584,PRKCI,0
2274,FHL2,0
529,ATP6V1E1,0
5519,PPP2R1B,1
1072,CFL1,0
2646,GCKR,0
5527,PPP2R5C,0
5526,PPP2R5B,0
5529,PPP2R5E,0
9146,HGS,0
84676,TRIM63,0
5747,PTK2,0
10253,SPRY2,0
2821,GPI,1
9958,USP15,0
114884,OSBPL10,0
1762,DMWD,0
9960,USP3,0
10208,USPL1,0
7128,TNFAIP3,0
54764,ZRANB1,0
54532,USP53,0
6881,TAF10,0
6884,TAF13,0
4292,MLH1,0
5395,PMS2,0
5378,PMS1,0
9636,ISG15,0
1956,EGFR,0
29761,USP25,0
60673,ATG101,0
26100,WIPI2,0
8815,BANF1,0
5607,MAP2K5,0
1026,CDKN1A,0
867,CBL,0
4255,MGMT,0
5934,RBL2,0
5315,PKM,1
5710,PSMD4,0
9759,HDAC4,0
10014,HDAC5,0
26173,INTS1,0
65123,INTS3,0
80789,INTS5,0
26512,INTS6,0
5591,PRKDC,0
7013,TERF1,0
7014,TERF2,0
91445,RNF185,0
7316,UBC,0
5521,PPP2R2B,0
55844,PPP2R2D,0
5460,POU5F1,0
51377,UCHL5,0
22938,SNW1,0
5562,PRKAA1,0
920,CD4,0
5898,RALA,0
773,CACNA1A,0
8312,AXIN1,0
4609,MYC,0
9971,NR1H4,0
3174,HNF4G,0
23411,SIRT1,0
7534,YWHAZ,0
57787,MARK4,0
51141,INSIG2,0
5595,MAPK3,0
5111,PCNA,0
3122,HLA-DRA,0
3123,HLA-DRB1,0
3127,HLA-DRB5,0
5594,MAPK1,0
2885,GRB2,0
339390,CLEC4G,0
5684,PSMA3,0
2932,GSK3B,0
5908,RAP1B,0
2886,GRB7,0
1460,CSNK2B,0
637,BID,0
6622,SNCA,0
10008,KCNE3,0
11102,RPP14,0
7965,AIMP2,0
301,ANXA1,0
5597,MAPK6,0
1019,CDK4,0
55577,NAGK,0
6606,SMN1,0
1104,RCC1,0
5300,PIN1,0
310,ANXA7,0
1647,GADD45A,0
207,AKT1,0
23476,BRD4,0
5885,RAD21,0
10397,NDRG1,0
11200,CHEK2,0
23677,SH3BP4,0
1050,CEBPA,0
1994,ELAVL1,0
408,ARRB1,0
409,ARRB2,0
51547,SIRT7,0
7291,TWIST1,0
6517,SLC2A4,0
56288,PARD3,0
26260,FBXO25,0
7157,TP53,0
26277,TINF2,0
65057,ACD,0
25913,POT1,0
3064,HTT,0
5501,PPP1CC,0
6477,SIAH1,0
9738,CCP110,0
84461,NEURL4,0
8452,CUL3,0
8451,CUL4A,0
8065,CUL5,0
1017,CDK2,0
8454,CUL1,0
10987,COPS5,0
10980,COPS6,0
55832,CAND1,0
4738,NEDD8,0
5784,PTPN14,0
6462,SHBG,0
4653,MYOC,0
5371,PML,0
4193,MDM2,0
56893,UBQLN4,0
23287,AGTPBP1,0
1822,ATN1,0
7415,VCP,0
1173,AP2M1,0
2534,FYN,0
857,CAV1,0
6714,SRC,0
3098,HK1,1
229,ALDOB,1
2027,ENO3,1
26330,GAPDHS,1
5663,PSEN1,0
2,A2M,0
7086,TKT,0
3329,HSPD1,0
1915,EEF1A1,0
226,ALDOA,1
254863,TMEM256,0
8880,FUBP1,0
1207,CLNS1A,0
9588,PRDX6,0
10101,NUBP2,0
11196,SEC23IP,0
5214,PFKP,1
1479,CSTF3,0
100037417,DDTL,0
9318,COPS2,0
230,ALDOC,1
29101,SSU72,0
10130,PDIA6,0
4357,MPST,0
9212,AURKB,0
2099,ESR1,0
672,BRCA1,0
1894,ECT2,0
3981,LIG4,0
9656,MDC1,0
22976,PAXIP1,0
23468,CBX5,0
4851,NOTCH1,0
9775,EIF4A3,0
4116,MAGOH,0
3091,HIF1A,0
2033,EP300,0
57154,SMURF1,0
26146,TRAF3IP1,0
3320,HSP90AA1,0
3326,HSP90AB1,0
120892,LRRK2,0
4773,NFATC2,0
2335,FN1,0
7412,VCAM1,0
1386,ATF2,0
7531,YWHAE,0
9657,IQCB1,0
4843,NOS2,0
55660,PRPF40A,0
9372,ZFYVE9,0
4088,SMAD3,0
4087,SMAD2,0
79609,VCPKMT,0
3676,ITGA4,0
1080,CFTR,0
582,BBS1,0
583,BBS2,0
585,BBS4,0
55212,BBS7,0
5894,RAF1,0
9150,CTDP1,0
3397,ID1,0
57379,AICDA,0
4350,MPG,0
9924,PAN2,0
975,CD81,0
93185,IGSF8,0
3383,ICAM1,0
4869,NPM1,0
5598,MAPK7,0
6657,SOX2,0
5893,RAD52,0
6468,FBXW4,0
7015,TERT,0
154,ADRB2,0
9531,BAG3,0
4117,MAK,0
10454,TAB1,0
2938,GSTA1,0
4008,LMO7,0
1031,CDKN2C,0
4627,MYH9,0
64902,AGXT2,0
27161,AGO2,0
259,AMBP,0
468,ATF4,0
8553,BHLHE40,0
3101,HK3,1
4615,MYD88,0
4708,NDUFB2,0
7849,PAX8,0
23118,TAB2,0
51690,LSM7,0
56915,EXOSC5,0
26019,UPF2,0
6667,SP1,0
5128,CDK17,0
147746,HIPK4,0
5129,CDK18,0
5596,MAPK4,0
51701,NLK,0
26270,FBXO6,0
23435,TARDBP,0
26524,LATS2,0
7529,YWHAB,0
57520,HECW2,0
80019,UBTD1,0
10131,TRAP1,0
1029,CDKN2A,0
8522,GAS7,0
3303,HSPA1A,0
55968,NSFL1C,0
80347,COASY,0
79180,EFHD2,0
11332,ACOT7,0
1429,CRYZ,0
28960,DCPS,0
1676,DFFA,0
10979,FERMT2,0
2633,GBP1,0
3313,HSPA9,0
10988,METAP2,0
5479,PPIB,0
5910,RAP1GDS1,0
7846,TUBA1A,0
84790,TUBA1C,0
203068,TUBB,0
7284,TUFM,0
1890,TYMP,0
29979,UBQLN1,0
55738,ARFGAP1,0
11328,FKBP9,0
3073,HEXA,0
3074,HEXB,0
6449,SGTA,0
2339,FNTA,0
3843,IPO5,0
4682,NUBP1,0
9124,PDLIM1,0
5715,PSMD9,0
7280,TUBB2A,0
830,CAPZA2,0
1503,CTPS1,0
51194,IPO11,0
5499,PPP1CA,0
10768,AHCYL1,0
10093,ARPC4,0
3187,HNRNPH1,0
60491,NIF3L1,0
5201,PFDN1,0
6741,SSB,0
3842,TNPO1,0
23534,TNPO3,0
60528,ELAC2,0
55759,WDR12,0
689,BTF3,0
54919,DNAAF5,0
4666,NACA,0
56886,UGGT1,0
10552,ARPC1A,0
10092,ARPC5,0
10095,ARPC1B,0
1725,DHPS,0
2237,FEN1,0
57120,GOPC,0
25831,HECTD1,0
4026,LPP,0
6119,RPA3,0
6117,RPA1,0
51741,WWOX,0
140458,ASB5,0
142685,ASB15,0
92591,ASB16,0
5224,PGAM2,1
3611,ILK,0
55802,DCP1A,0
167227,DCP2,0
23567,ZNF346,0
6780,STAU1,0
6591,SNAI2,0
9700,ESPL1,0
2521,FUS,0
26040,SETBP1,0
3846,KRTAP5-9,0
7538,ZFP36,0
6472,SHMT2,0
4343,MOV10,0
10482,NXF1,0
9820,CUL7,0
23363,OBSL1,0
83987,CCDC8,0
2146,EZH2,0
23512,SUZ12,0
8726,EED,0
6045,RNF2,0
23065,EMC1,0
57544,TXNDC16,0
23197,FAF2,0
6613,SUMO2,0
51548,SIRT6,0
640,BLK,0
219699,UNC5B,0
6059,ABCE1,0
9575,CLOCK,0
1408,CRY2,0
1407,CRY1,0
79365,BHLHE41,0
23291,FBXW11,0
1454,CSNK1E,0
493869,GPX8,0
55145,THAP1,0
51203,NUSAP1,0
5680,PSG11,0
9117,SEC22C,0
51222,ZNF219,0
29896,TRA2A,0
221294,NT5DC1,0
51573,GDE1,0
586,BCAT1,0
2307,FOXS1,0
51451,LCMT1,0
56256,SERTAD4,0
58511,DNASE2B,0
51400,PPME1,0
2896,GRN,0
131583,FAM43A,0
344658,SAMD7,0
89780,WNT3A,0
3827,KNG1,0
84654,SPZ1,0
163071,ZNF114,0
653404,FOXD4L6,0
144811,LACC1,0
254528,MEIOB,0
51151,SLC45A2,0
6524,SLC5A2,0
7205,TRIP6,0
3640,INSL3,0
51348,KLRF1,0
23764,MAFF,0
9592,IER2,0
5445,PON2,0
900,CCNG1,0
23235,SIK2,0
7871,SLMAP,0
6199,RPS6KB2,0
3178,HNRNPA1,0
85451,UNK,0
4914,NTRK1,0
50,ACO2,0
55256,ADI1,0
396,ARHGDIA,0
445,ASS1,0
1327,COX4I1,0
1892,ECHS1,0
2286,FKBP2,0
23171,GPD1L,0
2879,GPX4,0
3613,IMPA2,0
3998,LMAN1,0
5609,MAP2K7,0
57644,MYH7B,0
6876,TAGLN,0
8407,TAGLN2,0
6120,RPE,0
6612,SUMO3,0
1738,DLD,0
51031,GLOD4,0
5232,PGK2,0
57590,WDFY1,0
18,ABAT,0
10449,ACAA2,0
8659,ALDH4A1,0
7430,EZR,0
2271,FH,0
3094,HINT1,0
3939,LDHA,0
3945,LDHB,0
654364,NME1-NME2,0
4831,NME2,0
11315,PARK7,0
5110,PCMT1,0
10015,PDCD6IP,0
5236,PGM1,0
5954,RCN1,0
5962,RDX,0
6647,SOD1,0
29114,TAGLN3,0
9948,WDR1,0
1491,CTH,0
22872,SEC31A,0
10963,STIP1,0
7163,TPD52,0
6648,SOD2,0
3312,HSPA8,0
55655,NLRP2,0
10726,NUDC,0
5709,PSMD3,0
51204,TACO1,0
10327,AKR1A1,0
2098,ESD,0
2806,GOT2,0
51110,LACTB2,0
84311,MRPL45,0
5239,PGM5,0
10890,RAB10,0
6390,SDHB,0
6652,SORD,0
10525,HYOU1,0
9184,BUB3,0
6723,SRM,0
1155,TBCB,0
7174,TPP2,0
29780,PARVB,0
4522,MTHFD1,0
5708,PSMD2,0
5711,PSMD5,0
5834,PYGB,0
5836,PYGL,0
23647,ARFIP2,0
6790,AURKA,0
54939,COMMD4,0
55313,CPPED1,0
25940,FAM98A,0
5792,PTPRF,0
6421,SFPQ,0
7706,TRIM25,0
978,CDA,0
51603,METTL13,0
6251,RSU1,0
55236,UBA6,0
7372,UMPS,0
1917,EEF1A2,0
10606,PAICS,0
160287,LDHAL6A,0
5481,PPID,0
1213,CLTC,0
8218,CLTCL1,0
1537,CYC1,0
30846,EHD2,0
55183,RIF1,0
5250,SLC25A3,0
79228,THOC6,0
55187,VPS13D,0
34,ACADM,0
55622,TTC27,0
158,ADSL,0
4329,ALDH6A1,0
28970,C11orf54,0
79154,DHRS11,0
23549,DNPEP,0
11034,DSTN,0
2805,GOT1,0
92483,LDHAL6B,0
3948,LDHC,0
4729,NDUFV2,0
56954,NIT2,0
5019,OXCT1,0
8566,PDXK,0
7001,PRDX2,0
6317,SERPINB3,0
5268,SERPINB5,0
7386,UQCRFS1,0
5728,PTEN,0
3316,HSPB2,0
3428,IFI16,0
5879,RAC1,0
2130,EWSR1,0
9477,MED20,0
6733,SRPK2,0
1195,CLK1,0
22832,CEP162,0
54806,AHI1,0
152185,SPICE1,0
11064,CNTRL,0
85302,FBF1,0
4867,NPHP1,0
25886,POC1A,0
55835,CENPJ,0
10598,AHSA1,0
8099,CDK2AP1,0
23385,NCSTN,0
23397,NCAPH,0
57617,VPS18,0
56852,RAD18,0
5208,PFKFB2,1
7257,TSNAX,0
3832,KIF11,0
9793,CKAP5,0
55704,CCDC88A,0
9989,PPP4R1,0
2011,MARK2,0
10006,ABI1,0
22909,FAN1,0
25939,SAMHD1,0
64859,NABP1,0
4686,NCBP1,0
26127,FGFR1OP2,0
9646,CTR9,0
51026,GOLT1B,0
2309,FOXO3,0
23087,TRIM35,0
2113,ETS1,0
3661,IRF3,0
27023,FOXB1,0
8928,FOXH1,0
399823,FOXI2,0
55363,HEMGN,0
6497,SKI,0
7874,USP7,0
2300,FOXL1,0
668,FOXL2,0
28992,MACROD1,0
116113,FOXP4,0
4171,MCM2,0
4174,MCM5,0
988,CDC5L,0
23741,EID1,0
991,CDC20,0
996,CDC27,0
55658,RNF126,0
26168,SENP3,0
51070,NOSIP,0
2103,ESRRB,0
11140,CDC37,0
84759,PCGF1,0
79923,NANOG,0
84433,CARD11,0
8915,BCL10,0
132001,TAMM41,0
283377,SPRYD4,0
90956,ADCK2,0
57017,COQ9,0
4697,NDUFA4,0
84419,C15orf48,0
11338,U2AF2,0
84634,KISS1R,0
5175,PECAM1,0
128061,C1orf131,0
993,CDC25A,0
79577,CDC73,0
474,ATOH1,0
25764,HYPK,0
11060,WWP2,0
79139,DERL1,0
155061,ZNF746,0
999,CDH1,0
23336,SYNM,0
142679,DUSP19,0
23239,PHLPP1,0
138639,PTPDC1,0
5209,PFKFB3,1
78994,PRR14,0
2298,FOXD4,0
23481,PES1,0
10577,NPC2,0
901,CCNG2,0
55171,TBCCD1,0
55038,CDCA4,0
22808,MRAS,0
23310,NCAPD3,0
4745,NELL1,0
5523,PPP2R3A,0
55422,ZNF331,0
1580,CYP4B1,0
115399,LRRC56,0
7476,WNT7A,0
162972,ZNF550,0
127396,ZNF684,0
65979,PHACTR4,0
160419,C12orf50,0
1901,S1PR1,0
54777,CFAP46,0
11218,DDX20,0
340385,ZNF517,0
152137,CCDC50,0
201266,SLC39A11,0
158038,LINGO2,0
146540,ZNF785,0
55157,DARS2,0
196441,ZFC3H1,0
23553,HYAL4,0
126074,SWSAP1,0
10136,CELA3A,0
153020,RASGEF1B,0
254887,ZDHHC23,0
57452,GALNT16,0
219931,TPCN2,0
92595,ZNF764,0
29080,CCDC59,0
4259,MGST3,0
27283,TINAG,0
5875,RABGGTA,0
150864,FAM117B,0
84975,MFSD5,0
9771,RAPGEF5,0
84167,C19orf44,0
3702,ITK,0
55031,USP47,0
26224,FBXL3,0
57489,ODF2L,0
54059,YBEY,0
388335,TMEM220,0
55220,KLHDC8A,0
90135,BTBD6,0
3744,KCNA10,0
6232,RPS27,0
2861,GPR37,0
55509,BATF3,0
349136,WDR86,0
79876,UBA5,0
7545,ZIC1,0
655,BMP7,0
1543,CYP1A1,0
11017,SNRNP27,0
11269,DDX19B,0
89932,PAPLN,0
3836,KPNA1,0
2891,GRIA2,0
55764,IFT122,0
57728,WDR19,0
5036,PA2G4,0
308,ANXA5,0
7334,UBE2N,0
54187,NANS,0
27044,SND1,0
6629,SNRPB2,0
5464,PPA1,0
3418,IDH2,0
6182,MRPL12,0
49860,CRNN,0
7756,ZNF207,0
8895,CPNE3,0
1431,CS,0
166379,BBS12,0
6548,SLC9A1,0
4543,MTNR1A,0
1540,CYLD,0
7428,VHL,0
208,AKT2,0
1743,DLST,0
10059,DNM1L,0
6389,SDHA,0
6646,SOAT1,0
7416,VDAC1,0
3169,FOXA1,0
675,BRCA2,0
10146,G3BP1,0
894,CCND2,0
79648,MCPH1,0
7003,TEAD1,0
10413,YAP1,0
26136,TES,0
8725,URI1,0
254394,MCM9,0
673,BRAF,0
4149,MAX,0
57634,EP400,0
80314,EPC1,0
6944,VPS72,0
3191,HNRNPL,0
84708,LNX1,0
3454,IFNAR1,0
841,CASP8,0
8743,TNFSF10,0
79831,KDM8,0
863,CBFA2T3,0
405,ARNT,0
55860,ACTR10,0
25847,ANAPC13,0
25820,ARIH1,0
662,BNIP1,0
701,BUB1B,0
8812,CCNK,0
51362,CDC40,0
51755,CDK12,0
64105,CENPK,0
79019,CENPM,0
80254,CEP63,0
11113,CIT,0
83548,COG3,0
56259,CTNNBL1,0
10238,DCAF7,0
10540,DCTN2,0
1778,DYNC1H1,0
23167,EFR3A,0
2224,FDPS,0
84296,GINS4,0
3364,HUS1,0
83892,KCTD10,0
9928,KIF14,0
123169,LEO1,0
51747,LUC7L3,0
84930,MASTL,0
28998,MRPL13,0
29088,MRPL15,0
64969,MRPS5,0
440145,MZT1,0
9918,NCAPD2,0
4707,NDUFB1,0
348995,NUP43,0
79902,NUP85,0
5048,PAFAH1B1,0
353497,POLN,0
11128,POLR3A,0
90850,ZNF598,0
7290,HIRA,0
25793,FBXO7,0
84456,L3MBTL3,0
55662,HIF1AN,0
112399,EGLN3,0
9830,TRIM14,0
64795,RMND5A,0
26959,HBP1,0
54101,RIPK4,0
2139,EYA2,0
8493,PPM1D,0
1849,DUSP7,0
160760,PPTC7,0
162466,PHOSPHO1,0
80824,DUSP16,0
598,BCL2L1,0
79084,WDR77,0
1499,CTNNB1,0
3845,KRAS,0
1025,CDK9,0
11316,COPE,0
2931,GSK3A,0
3728,JUP,0
5424,POLD1,0
5537,PPP6C,0
6576,SLC25A1,0
7040,TGFB1,0
10138,YAF2,0
7764,ZNF217,0
9040,UBE2M,0
10594,PRPF8,0
9343,EFTUD2,0
25980,AAR2,0
55011,PIH1D1,0
57521,RPTOR,0
79155,TNIP2,0
7080,NKX2-1,0
64400,AKTIP,0
8835,SOCS2,0
6047,RNF4,0
81858,SHARPIN,0
1107,CHD3,0
1108,CHD4,0
51574,LARP7,0
55072,RNF31,0
7124,TNF,0
997,CDC34,0
54908,SPDL1,0
83732,RIOK1,0
5590,PRKCZ,0
2100,ESR2,0
10614,HEXIM1,0
56257,MEPCE,0
5977,DPF2,0
63891,RNF123,0
5538,PPT1,0
59343,SENP2,0
6615,SNAI1,0
10551,AGR2,0
9401,RECQL4,0
10273,STUB1,0
253461,ZBTB38,0
9266,CYTH2,0
10628,TXNIP,0
5295,PIK3R1,0
2817,GPC1,0
3759,KCNJ2,0
210,ALAD,0
1969,EPHA2,0
6300,MAPK12,0
1441,CSF3R,0
994,CDC25B,0
1445,CSK,0
2048,EPHB2,0
5210,PFKFB4,1
4486,MST1R,0
682,BSG,0
678,ZFP36L2,0
9181,ARHGEF2,0
4140,MARK3,0
79968,WDR76,0
10618,TGOLN2,0
9804,TOMM20,0
84987,COX14,0
56993,TOMM22,0
51651,PTRH2,0
4751,NEK2,0
26046,LTN1,0
83743,GRWD1,0
3872,KRT17,0
56339,METTL3,0
57721,METTL14,0
54542,RC3H2,0
55054,ATG16L1,0
51341,ZBTB7A,0
7048,TGFBR2,0
11124,FAF1,0
9978,RBX1,0
29066,ZC3H7A,0
201163,FLCN,0
595,CCND1,0
54790,TET2,0
10010,TANK,0
27185,DISC1,0
9097,USP14,0
7182,NR2C2,0
5468,PPARG,0
92140,MTDH,0
9690,UBE3C,0
3066,HDAC2,0
6196,RPS6KA2,0
10664,CTCF,0
63976,PRDM16,0
2122,MECOM,0
78990,OTUB2,0
375790,AGRN,0
374354,NHLRC2,0
51199,NIN,0
23299,BICD2,0
51361,HOOK1,0
4287,ATXN3,0
4706,NDUFAB1,0
10491,CRTAP,0
217,ALDH2,0
4190,MDH1,0
2653,GCSH,0
1200,TPP1,0
2230,FDX1,0
5447,POR,0
8974,P4HA2,0
4691,NCL,0
8417,STX7,0
51060,TXNDC12,0
488,ATP2A2,0
5033,P4HA1,0
2771,GNAI2,0
2170,FABP3,0
1371,CPOX,0
10269,ZMPSTE24,0
23474,ETHE1,0
100,ADA,0
372,ARCN1,0
9973,CCS,0
1192,CLIC1,0
8804,CREG1,0
23564,DDAH2,0
8833,GMPS,0
2936,GSR,0
2950,GSTP1,0
3417,IDH1,0
4942,OAT,0
25796,PGLS,0
9512,PMPCB,0
8604,SLC25A12,0
6902,TBCA,0
7018,TF,0
9352,TXNL1,0
10213,PSMD14,0
1859,DYRK1A,0
328,APEX1,0
54765,TRIM44,0
55601,DDX60,0
3660,IRF2,0
79370,BCL2L14,0
3665,IRF7,0
5031,P2RY6,0
51296,SLC15A3,0
81622,UNC93B1,0
64127,NOD2,0
1848,DUSP6,0
1033,CDKN3,0
11221,DUSP10,0
5778,PTPN7,0
995,CDC25C,0
9829,DNAJC6,0
64419,MTMR14,0
25930,PTPN23,0
81533,ITFG1,0
8148,TAF15,0
6418,SET,0
368,ABCC6,0
10524,KAT5,0
2549,GAB1,0
4082,MARCKS,0
330,BIRC3,0
55716,LMBR1L,0
4799,NFX1,0
29117,BRD7,0
1488,CTBP2,0
10155,TRIM28,0
8878,SQSTM1,0
6310,ATXN1,0
5478,PPIA,0
83639,TEX101,0
23294,ANKS1A,0
83719,YPEL3,0
8697,CDC23,0
84056,KATNAL1,0
4223,MEOX2,0
222643,UNC5CL,0
51143,DYNC1LI1,0
134829,CLVS2,0
23113,CUL9,0
57664,PLEKHA4,0
65018,PINK1,0
7024,TFCP2,0
90268,OTULIN,0
2177,FANCD2,0
58157,NGB,0
8881,CDC16,0
150223,YDJC,0
2022,ENG,0
10133,OPTN,0
3070,HELLS,0
8408,ULK1,0
124245,ZC3H18,0
572,BAD,0
2260,FGFR1,0
2268,FGR,0
2887,GRB10,0
5606,MAP2K3,0
5037,PEBP1,0
5801,PTPRR,0
10928,RALBP1,0
8036,SHOC2,0
2064,ERBB2,0
2065,ERBB3,0
2066,ERBB4,0
9694,EMC2,0
51234,EMC4,0
101060200,ZNF891,0
9726,ZNF646,0
4712,NDUFB6,0
5034,P4HB,0
348801,LNP1,0
9576,SPAG6,0
6840,SVIL,0
10529,NEBL,0
79753,SNIP1,0
79722,ANKRD55,0
6580,SLC22A1,0
9126,SMC3,0
10274,STAG1,0
25836,NIPBL,0
23383,MAU2,0
3693,ITGB5,0
6445,SGCG,0
8557,TCAP,0
150274,HSCB,0
84445,LZTS2,0
6787,NEK4,0
657,BMPR1A,0
699,BUB1,0
1495,CTNNA1,0
1630,DCC,0
6416,MAP2K4,0
27030,MLH3,0
4893,NRAS,0
4089,SMAD4,0
6794,STK11,0
5157,PDGFRL,0
5795,PTPRJ,0
10395,DLC1,0
6423,SFRP2,0
6424,SFRP4,0
100288687,DUX4,0
54443,ANLN,0
92421,CHMP4C,0
624,BDKRB2,0
1233,CCR4,0
57105,CYSLTR2,0
339403,RXFP4,0
51289,RXFP3,0
10112,KIF20A,0
9493,KIF23,0
9055,PRC1,0
84675,TRIM55,0
5621,PRNP,0
83478,ARHGAP24,0
81704,DOCK8,0
10144,FAM13A,0
51306,FAM13B,0
84144,SYDE2,0
9938,ARHGAP25,0
57514,ARHGAP31,0
80728,ARHGAP39,0
6655,SOS2,0
56616,DIABLO,0
55218,EXD2,0
51024,FIS1,0
23770,FKBP8,0
10456,HAX1,0
23787,MTCH1,0
23788,MTCH2,0
10651,MTX2,0
54940,OCIAD1,0
5770,PTPN1,0
89941,RHOT2,0
55177,RMDN3,0
91137,SLC25A46,0
2194,FASN,0
4288,MKI67,0
3949,LDLR,0
6720,SREBF1,0
6721,SREBF2,0
3630,INS,0
998,CDC42,0
57407,NMRAL1,0
4692,NDN,0
9935,MAFB,0
22981,NINL,0
26471,NUPR1,0
51421,AMOTL2,0
25893,TRIM58,0
23152,CIC,0
51366,UBR5,0
9584,RBM39,0
2203,FBP1,0
3965,LGALS9,0
8665,EIF3F,0
9817,KEAP1,0
7337,UBE3A,0
9100,USP10,0
171023,ASXL1,0
79890,RIN3,0
116835,HSPA12B,0
79632,FAM184A,0
56521,DNAJC12,0
7266,DNAJC7,0
55806,HR,0
5757,PTMA,0
1152,CKB,0
3925,STMN1,0
5763,PTMS,0
2923,PDIA3,0
3336,HSPE1,0
91133,L3MBTL4,0
10409,BASP1,0
801,CALM1,0
8805,TRIM24,0
4734,NEDD4,0
5216,PFN1,0
7184,HSP90B1,0
4282,MIF,0
10541,ANP32B,0
7919,DDX39B,0
811,CALR,0
8125,ANP32A,0
3150,HMGN1,0
5589,PRKCSH,0
55681,SCYL2,0
10357,HMGB1P1,0
1820,ARID3A,0
10935,PRDX3,0
353274,ZNF445,0
90780,PYGO2,0
23609,MKRN2,0
126695,KDF1,0
9529,BAG5,0
29126,CD274,0
8405,SPOP,0
9474,ATG5,0
23376,UFL1,0
65992,DDRGK1,0
3164,NR4A1,0
91452,ACBD5,0
8165,AKAP1,0
29882,ANAPC2,0
382,ARF6,0
8161,COIL,0
80270,HSD3B7,0
55004,LAMTOR1,0
3932,LCK,0
5195,PEX14,0
8504,PEX3,0
11331,PHB2,0
5432,POLR2C,0
5630,PRPH,0
5827,PXMP2,0
8766,RAB11A,0
5865,RAB3B,0
5878,RAB5C,0
6160,RPL31,0
10952,SEC61B,0
7111,TMOD1,0
7277,TUBA4A,0
4591,TRIM37,0
201292,TRIM65,0
26227,PHGDH,0
10533,ATG7,0
83734,ATG10,0
64422,ATG3,0
203100,HTRA4,0
51343,FZR1,0
8087,FXR1,0
9513,FXR2,0
3198,HOXA1,0
57532,NUFIP2,0
85358,SHANK3,0
6595,SMARCA2,0
7249,TSC2,0
10212,DDX39A,0
11091,WDR5,0
9618,TRAF4,0
134492,NUDCD2,0
79829,NAA40,0
65082,VPS33A,0
9810,RNF40,0
26093,CCDC9,0
92922,CCDC102A,0
2903,GRIN2A,0
3631,INPP4A,0
2743,GLRB,0
9993,DGCR2,0
64852,TUT1,0
51239,ANKRD39,0
6273,S100A2,0
57213,SPRYD7,0
7533,YWHAH,0
7625,ZNF74,0
6237,RRAS,0
57642,COL20A1,0
6398,SECTM1,0
10184,LHFPL2,0
2294,FOXF1,0
84984,CEP19,0
65982,ZSCAN18,0
9831,ZNF623,0
81797,OR12D3,0
29103,DNAJC15,0
257,ALX3,0
284323,ZNF780A,0
259296,TAS2R50,0
7532,YWHAG,0
10675,CSPG5,0
51562,MBIP,0
9792,SERTAD2,0
150353,DNAJB7,0
6165,RPL35A,0
64388,GREM2,0
534,ATP6V1G2,0
56172,ANKH,0
60370,AVPI1,0
144715,RAD9B,0
347730,LRRTM1,0
144348,ZNF664,0
7922,SLC39A7,0
54910,SEMA4C,0
2840,GPR17,0
429,ASCL1,0
10045,SH2D3A,0
91978,TPGS1,0
84883,AIFM2,0
94235,GNG8,0
137994,LETM2,0
728741,NPIPB6,0
195814,SDR16C5,0
57102,C12orf4,0
2890,GRIA1,0
26056,RAB11FIP5,0
26686,OR4E2,0
55970,GNG12,0
493753,COA5,0
6890,TAP1,0
29844,TFPT,0
50700,RDH8,0
3488,IGFBP5,0
23125,CAMTA2,0
146225,CMTM2,0
153396,TMEM161B,0
474170,LRRC37A2,0
3600,IL15,0
84865,CCDC142,0
23608,MKRN1,0
54039,PCBP3,0
81689,ISCA1,0
29988,SLC2A8,0
63922,CHTF18,0
10728,PTGES3,0
54808,DYM,0
29950,SERTAD1,0
147700,KLC3,0
92369,SPSB4,0
81563,C1orf21,0
8722,CTSF,0
7052,TGM2,0
541468,LURAP1,0
990,CDC6,0
669,BPGM,0
51324,SPG21,0
222255,ATXN7L1,0
817,CAMK2D,0
3489,IGFBP6,0
55151,TMEM38B,0
10161,LPAR6,0
6817,SULT1A1,0
7423,VEGFB,0
6430,SRSF5,0
26135,SERBP1,0
10492,SYNCRIP,0
148281,SYT6,0
57669,EPB41L5,0
472,ATM,0
133957,CCDC127,0
347731,LRRTM3,0
79980,DSN1,0
10554,AGPAT1,0
6660,SOX5,0
118424,UBE2J2,0
55133,SRBD1,0
51249,TMEM69,0
160364,CLEC12A,0
10069,RWDD2B,0
26469,PTPN18,0
2205,FCER1A,0
51119,SBDS,0
5655,KLK10,0
60675,PROK2,0
55311,ZNF444,0
81932,HDHD3,0
55211,DPPA4,0
84236,RHBDD1,0
83884,SLC25A2,0
340706,VWA2,0
79177,ZNF576,0
27294,DHDH,0
91464,ISX,0
2235,FECH,0
83707,TRPT1,0
10981,RAB32,0
90273,CEACAM21,0
28973,MRPS18B,0
83733,SLC25A18,0
11264,PXMP4,0
27342,RABGEF1,0
10049,DNAJB6,0
80326,WNT10A,0
147407,SLC25A52,0
2651,GCNT2,0
10336,PCGF3,0
201456,FBXO15,0
319,APOF,0
57565,KLHL14,0
8625,RFXANK,0
91056,AP5B1,0
80007,C10orf88,0
23640,HSPBP1,0
11250,GPR45,0
25822,DNAJB5,0
51406,NOL7,0
8816,DCAF5,0
5098,PCDHGC3,0
92017,SNX29,0
6716,SRD5A2,0
373156,GSTK1,0
3783,KCNN4,0
122961,ISCA2,0
873,CBR1,0
27148,STK36,0
11197,WIF1,0
10312,TCIRG1,0
129285,PPP1R21,0
79922,MRM1,0
7408,VASP,0
26253,CLEC4E,0
3338,DNAJC4,0
25934,NIPSNAP3A,0
2782,GNB1,0
7125,TNNC2,0
147719,LYPD4,0
54898,ELOVL2,0
26232,FBXO2,0
9532,BAG2,0
4861,NPAS1,0
83648,FAM167A,0
387496,RASL11A,0
3382,ICA1,0
55790,CSGALNACT1,0
27237,ARHGEF16,0
548596,CKMT1A,0
3300,DNAJB2,0
84330,ZNF414,0
22846,VASH1,0
3817,KLK2,0
55929,DMAP1,0
51050,PI15,0
1993,ELAVL2,0
127255,LRRIQ3,0
653437,AQP12B,0
79444,BIRC7,0
5144,PDE4D,0
64423,INF2,0
64718,UNKL,0
5187,PER1,0
5173,PDYN,0
79937,CNTNAP3,0
84062,DTNBP1,0
83605,CCM2,0
79149,ZSCAN5A,0
8027,STAM,0
25989,ULK3,0
116135,LRRC3B,0
27123,DKK2,0
387129,NPSR1,0
55347,ABHD10,0
22854,NTNG1,0
51136,RNFT1,0
221,ALDH3B1,0
29942,PURG,0
56108,PCDHGA7,0
23743,BHMT2,0
113277,TMEM106A,0
57805,CCAR2,0
83932,SPRTN,0
23558,WBP2,0
7726,TRIM26,0
6624,FSCN1,0
149041,RC3H1,0
55294,FBXW7,0
4154,MBNL1,0
351,APP,0
199713,NLRP7,0
64077,LHPP,0
8829,NRP1,0
7113,TMPRSS2,0
8940,TOP3B,0
1514,CTSL,0
1508,CTSB,0
5045,FURIN,0
8519,IFITM1,0
290,ANPEP,0
1520,CTSS,0
1803,DPP4,0
10410,IFITM3,0
132724,TMPRSS11B,0
338339,CLEC4D,0
56649,TMPRSS4,0
152273,FGD5,0
114907,FBXO32,0
25898,RCHY1,0
899,CCNF,0
81631,MAP1LC3B,0
4077,NBR1,0
10241,CALCOCO2,0
54472,TOLLIP,0
91607,SLFN11,0
5142,PDE4B,0
1856,DVL2,0
85478,CCDC65,0
8864,PER2,0
2353,FOS,0
2736,GLI2,0
83855,KLF16,0
121340,SP7,0
54551,MAGEL2,0
6935,ZEB1,0
8019,BRD3,0
51191,HERC5,0
23433,RHOQ,0
5881,RAC3,0
387,RHOA,0
388,RHOB,0
29984,RHOD,0
54509,RHOF,0
23221,RHOBTB2,0
10048,RANBP9,0
391,RHOG,0
57381,RHOJ,0
5880,RAC2,0
58480,RHOU,0
171177,RHOV,0
9886,RHOBTB1,0
399,RHOH,0
8153,RND2,0
286151,FBXO43,0
7187,TRAF3,0
6016,RIT1,0
5686,PSMA5,0
10097,ACTR2,0
191,AHCY,0
9590,AKAP12,0
832,CAPZB,0
10951,CBX1,0
56994,CHPT1,0
6249,CLIP1,0
11052,CPSF6,0
8655,DYNLL1,0
140735,DYNLL2,0
2289,FKBP5,0
3636,INPPL1,0
55756,INTS9,0
9670,IPO13,0
3710,ITPR3,0
2531,KDSR,0
4000,LMNA,0
9448,MAP4K4,0
51082,POLR1D,0
5431,POLR2B,0
5434,POLR2E,0
5435,POLR2F,0
5440,POLR2K,0
55718,POLR3E,0
5566,PRKACA,0
5707,PSMD1,0
51128,SAR1B,0
6397,SEC14L1,0
6749,SSRP1,0
6829,SUPT5H,0
55319,TMA16,0
7150,TOP1,0
7419,VDAC3,0
81609,SNX27,0
573,BAG1,0
79065,ATG9A,0
81559,TRIM11,0
11074,TRIM31,0
2348,FOLR1,0
126282,TNFAIP8L1,0
54769,DIRAS2,0
113878,DTX2,0
3276,PRMT1,0
201164,PLD6,0
4613,MYCN,0
51759,C9orf78,0
31,ACACA,0
142,PARP1,0
22806,IKZF3,0
10320,IKZF1,0
152006,RNF38,0
1874,E2F4,0
4488,MSX2,0
5925,RB1,0
381,ARF5,0
56681,SAR1A,0
285598,ARL10,0
373,TRIM23,0
285590,SH3PXD2B,0
5718,PSMD12,0
5352,PLOD2,0
4125,MAN2B1,0
10419,PRMT5,0
30000,TNPO2,0
5688,PSMA7,0
4659,PPP1R12A,0
9987,HNRNPDL,0
23350,U2SURP,0
5373,PMM2,0
1665,DHX15,0
9092,SART1,0
10236,HNRNPR,0
81,ACTN4,0
9043,SPAG9,0
7812,CSDE1,0
23020,SNRNP200,0
23541,SEC14L2,0
9219,MTA2,0
27076,LYPD3,0
10592,SMC2,0
11313,LYPLA2,0
760,CA2,0
6181,RPLP2,0
3875,KRT18,0
7170,TPM3,0
3183,HNRNPC,0
4067,LYN,0
7295,TXN,0
3309,HSPA5,0
128,ADH5,0
26986,PABPC1,0
3615,IMPDH2,0
87,ACTN1,0
6050,RNH1,0
1938,EEF2,0
5576,PRKAR2A,0
2935,GSPT1,0
1728,NQO1,0
5702,PSMC3,0
6651,SON,0
10627,MYL12A,0
831,CAST,0
5682,PSMA1,0
5685,PSMA4,0
1937,EEF1G,0
790,CAD,0
4134,MAP4,0
5694,PSMB6,0
1936,EEF1D,0
3301,DNAJA1,0
6282,S100A11,0
1635,DCTD,0
2962,GTF2F1,0
5701,PSMC2,0
8644,AKR1C3,0
10128,LRPPRC,0
22978,NT5C2,0
7064,THOP1,0
1646,AKR1C2,0
3032,HADHB,0
1973,EIF4A1,0
5700,PSMC1,0
5705,PSMC5,0
6135,RPL11,0
10376,TUBA1B,0
56945,MRPS22,0
5720,PSME1,0
6642,SNX1,0
476,ATP1A1,0
55230,USP40,0
79798,ARMC5,0
648,BMI1,0
4131,MAP1B,0
9113,LATS1,0
79755,ZNF750,0
9025,RNF8,0
8314,BAP1,0
7805,LAPTM5,0
84444,DOT1L,0
4017,LOXL2,0
2626,GATA4,0
4504,MT3,0
9201,DCLK1,0
6885,MAP3K7,0
5292,PIM1,0
2870,GRK6,0
6850,SYK,0
1453,CSNK1D,0
818,CAMK2G,0
4916,NTRK3,0
29941,PKN3,0
340156,MYLK4,0
140609,NEK7,0
85481,PSKH2,0
26353,HSPB8,0
6795,AURKC,0
22983,MAST1,0
51320,MEX3C,0
238,ALK,0
2046,EPHA8,0
2264,FGFR4,0
6598,SMARCB1,0
54793,KCTD9,0
8110,DPF3,0
1022,CDK7,0
25976,TIPARP,0
5159,PDGFRB,0
7010,TEK,0
3480,IGF1R,0
4921,DDR2,0
6098,ROS1,0
10461,MERTK,0
2045,EPHA7,0
2043,EPHA4,0
55359,STYK1,0
114783,LMTK3,0
3643,INSR,0
2324,FLT4,0
9625,AATK,0
2051,EPHB6,0
7301,TYRO3,0
2261,FGFR3,0
2322,FLT3,0
2321,FLT1,0
558,AXL,0
4233,MET,0
2263,FGFR2,0
3069,HDLBP,0
79778,MICALL2,0
80230,RUFY1,0
440730,TRIM67,0
51592,TRIM33,0
6185,RPN2,0
54455,FBXO42,0
55252,ASXL2,0
80816,ASXL3,0
4651,MYO10,0
5099,PCDH7,0
55030,FBXO34,0
2308,FOXO1,0
121665,SPPL3,0
10772,SRSF10,0
4137,MAPT,0
11004,KIF2C,0
3075,CFH,0
816,CAMK2B,0
1147,CHUK,0
9891,NUAK1,0
10733,PLK4,0
150094,SIK1,0
8554,PIAS1,0
64798,DEPTOR,0
22862,FNDC3A,0
9867,PJA2,0
57111,RAB25,0
5867,RAB4A,0
493829,TRIM72,0
64854,USP46,0
3297,HSF1,0
148932,MOB3C,0
29110,TBK1,0
26094,DCAF4,0
55070,DET1,0
2783,GNB2,0
54475,NLE1,0
9410,SNRNP40,0
23274,CLEC16A,0
55827,DCAF6,0
3725,JUN,0
90007,MIDN,0
253260,RICTOR,0
23137,SMC5,0
2912,GRM2,0
54102,CLIC6,0
84458,LCOR,0
55819,RNF130,0
284996,RNF149,0
220213,OTUD1,0
55521,TRIM36,0
57602,USP36,0
7311,UBA52,0
10678,B3GNT2,0
7328,UBE2H,0
1942,EFNA1,0
1944,EFNA3,0
26235,FBXL4,0
57214,CEMIP,0
503834,DPRX,0
64778,FNDC3B,0
10318,TNIP1,0
25937,WWTR1,0
26263,FBXO22,0
27086,FOXP1,0
9464,HAND2,0
9319,TRIP13,0
8500,PPFIA1,0
83755,KRTAP4-12,0
84074,QRICH2,0
9421,HAND1,0
6904,TBCD,0
4863,NPAT,0
57827,C6orf47,0
27190,IL17B,0
374291,NDUFS7,0
6483,ST3GAL2,0
59307,SIGIRR,0
11065,UBE2C,0
2547,XRCC6,0
311,ANXA11,0
2029,ENSA,0
22927,HABP4,0
9869,SETDB1,0
26151,NAT9,0
5764,PTN,0
5495,PPM1B,0
1021,CDK6,0
2107,ETF1,0
5340,PLG,0
5829,PXN,0
5058,PAK1,0
29966,STRN3,0
29888,STRN4,0
10576,CCT2,0
10694,CCT8,0
7203,CCT3,0
6950,TCP1,0
22948,CCT5,0
908,CCT6A,0
10574,CCT7,0
8541,PPFIA3,0
10575,CCT4,0
8499,PPFIA2,0
859,CAV3,0
5580,PRKCD,0
596,BCL2,0
64714,PDIA2,0
6446,SGK1,0
54625,PARP14,0
891,CCNB1,0
8925,HERC1,0
51564,HDAC7,0
3065,HDAC1,0
253143,PRR14L,0
51807,TUBA8,0
23141,ANKLE2,0
9857,CEP350,0
3837,KPNB1,0
345651,ACTBL2,0
10471,PFDN6,0
5204,PFDN5,0
5202,PFDN2,0
55596,ZCCHC8,0
10179,RBM7,0
6280,S100A9,0
4628,MYH10,0
104,ADARB1,0
983,CDK1,0
4172,MCM3,0
22931,RAB18,0
7879,RAB7A,0
6774,STAT3,0
5906,RAP1A,0
10393,ANAPC10,0
8717,TRADD,0
285971,ZNF775,0
140612,ZFP28,0
85440,DOCK7,0
128977,C22orf39,0
6176,RPLP1,0
54,ACP5,0
10181,RBM5,0
3280,HES1,0
70,ACTC1,0
4802,NFYC,0
9180,OSMR,0
26578,OSTF1,0
3921,RPSA,0
302,ANXA2,0
708,C1QBP,0
6188,RPS3,0
6202,RPS8,0
4215,MAP3K3,0
3551,IKBKB,0
10625,IVNS1ABP,0
5706,PSMC6,0
2318,FLNC,0
23386,NUDCD3,0
3704,ITPA,0
5093,PCBP1,0
7112,TMPO,0
7298,TYMS,0
7414,VCL,0
3956,LGALS1,0
29789,OLA1,0
8106,PABPN1,0
220988,HNRNPA3,0
54583,EGLN1,0
200958,MUC20,0
25828,TXN2,0
3096,HIVEP1,0
65125,WNK1,0
587,BCAT2,0
710,SERPING1,0
6713,SQLE,0
11226,GALNT6,0
51588,PIAS4,0
4286,MITF,0
7016,TESK1,0
55006,TRMT61B,0
80755,AARSD1,0
39,ACAT2,0
10109,ARPC2,0
435,ASL,0
824,CAPN2,0
826,CAPNS1,0
875,CBS,0
2794,GNL1,0
9329,GTF3C4,0
3305,HSPA1L,0
27430,MAT2B,0
55666,NPLOC4,0
54888,NSUN2,0
56965,PARP6,0
10611,PDLIM5,0
9373,PLAA,0
10226,PLIN3,0
4860,PNP,0
5536,PPP5C,0
5861,RAB1A,0
5887,RAD23B,0
5905,RANGAP1,0
51100,SH3GLB1,0
6727,SRP14,0
7165,TPD52L2,0
7265,TTC1,0
10383,TUBB4B,0
11344,TWF2,0
81567,TXNDC5,0
10054,UBA2,0
51035,UBXN1,0
10493,VAT1,0
51530,ZC3HC1,0
267,AMFR,0
124808,CCDC43,0
8030,CCDC6,0
1185,CLCN6,0
1496,CTNNA2,0
160851,DGKH,0
29993,PACSIN1,0
5189,PEX1,0
26073,POLDIP2,0
4660,PPP1R12B,0
11168,PSIP1,0
125950,RAVER1,0
6223,RPS19,0
23380,SRGAP2,0
122402,TDRD9,0
7019,TFAM,0
54469,ZFAND6,0
3441,IFNA4,0
10640,EXOC5,0
84705,GTPBP3,0
386675,KRTAP10-7,0
5427,POLE2,0
55697,VAC14,0
27254,CSDC2,0
83878,USHBP1,0
123722,FSD2,0
26099,SZRD1,0
115353,LRRC42,0
51253,MRPL37,0
51611,DPH5,0
2947,GSTM3,0
56882,CDC42SE1,0
23126,POGZ,0
3068,HDGF,0
9191,DEDD,0
84134,TOMM40L,0
10228,STX6,0
6432,SRSF7,0
2202,EFEMP1,0
25885,POLR1A,0
274,BIN1,0
55677,IWS1,0
4664,NAB1,0
10152,ABI2,0
1933,EEF1B2,0
22907,DHX30,0
54870,QRICH1,0
7866,IFRD2,0
80145,THOC7,0
3184,HNRNPD,0
79633,FAT4,0
166614,DCLK2,0
51752,ERAP1,0
51735,RAPGEF6,0
6793,STK10,0
10667,FARS2,0
116138,KLHDC3,0
4646,MYO6,0
10973,ASCC3,0
26271,FBXO5,0
22828,SCAF8,0
26031,OSBPL3,0
4967,OGDH,0
64759,TNS3,0
57798,GATAD1,0
23165,NUP205,0
23039,XPO7,0
51435,SCARA3,0
9650,MTFR1,0
65265,C8orf33,0
23189,KANK1,0
8777,MPDZ,0
48,ACO1,0
51271,UBAP1,0
54107,POLE3,0
3189,HNRNPH3,0
8945,BTRC,0
4676,NAP1L4,0
1315,COPB1,0
847,CAT,0
27339,PRPF19,0
79869,CPSF7,0
91683,SYT12,0
1374,CPT1A,0
4926,NUMA1,0
23052,ENDOD1,0
112936,VPS26B,0
4074,M6PR,0
8496,PPFIBP1,0
25875,LETMD1,0
5939,RBMS2,0
59277,NTN4,0
4598,MVK,0
9921,RNF10,0
2054,STX2,0
54737,MPHOSPH8,0
81624,DIAPH3,0
10150,MBNL2,0
79711,IPO4,0
58517,RBM25,0
90417,KNSTRN,0
7158,TP53BP1,0
4643,MYO1E,0
5780,PTPN9,0
79622,SNRNP25,0
51061,TXNDC11,0
55737,VPS35,0
4775,NFATC3,0
80777,CYB5B,0
55066,PDPR,0
124997,WDR81,0
83871,RAB34,0
399687,MYO18A,0
7067,THRA,0
6605,SMARCE1,0
1659,DHX8,0
51629,SLC25A39,0
91369,ANKRD40,0
55125,CEP192,0
126326,GIPC3,0
4670,HNRNPM,0
9244,CRLF1,0
55588,MED29,0
2091,FBL,0
79763,ISOC2,0
10528,NOP56,0
22803,XRN2,0
23509,POFUT1,0
11190,CEP250,0
57169,ZNFX1,0
23760,PITPNB,0
8508,NIPSNAP1,0
10291,SF3A1,0
1727,CYB5R3,0
7341,SUMO1,0
1612,DAPK1,0
5837,PYGM,0
4217,MAP3K5,0
6097,RORC,0
79058,ASPSCR1,0
57464,STRIP2,0
51103,NDUFAF1,0
55012,PPP2R3C,0
2296,FOXC1,0
8536,CAMK1,0
178,AGL,0
231,AKR1B1,0
441282,AKR1B15,0
126133,ALDH16A1,0
7915,ALDH5A1,0
51005,AMDHD2,0
81611,ANP32E,0
327,APEH,0
27236,ARFIP1,0
392,ARHGAP1,0
55114,ARHGAP17,0
554235,ASPDH,0
83858,ATAD3B,0
581,BAX,0
642,BLMH,0
821,CANX,0
1159,CKMT1B,0
1160,CKMT2,0
7555,CNBP,0
1396,CRIP1,0
1487,CTBP1,0
26528,DAZAP1,0
51181,DCXR,0
9093,DNAJA3,0
23234,DNAJC9,0
1806,DPYD,0
1838,DTNB,0
1854,DUT,0
10938,EHD1,0
2171,FABP5,0
81889,FAHD1,0
2280,FKBP1A,0
2281,FKBP1B,0
51661,FKBP7,0
23048,FNBP1,0
390637,GDPGP1,0
2673,GFPT1,0
9945,GFPT2,0
2739,GLO1,0
51291,GMIP,0
3157,HMGCS1,0
3190,HNRNPK,0
51144,HSD17B12,0
3315,HSPB1,0
3419,IDH3A,0
8514,KCNAB2,0
4048,LTA4H,0
92935,MARS2,0
90411,MCFD2,0
79892,MCMBP,0
4199,ME1,0
253827,MSRB3,0
4724,NDUFS4,0
4723,NDUFV1,0
9054,NFS1,0
51068,NMD3,0
79716,NPEPL1,0
10204,NUTF2,0
9943,OXSR1,0
5091,PC,0
27250,PDCD4,0
553115,PEF1,0
55276,PGM2,0
283209,PGM2L1,0
8301,PICALM,0
5335,PLCG1,0
5375,PMP2,0
5471,PPAT,0
5547,PRCP,0
25824,PRDX5,0
5550,PREP,0
133619,PRRC1,0
8624,PSMG1,0
5777,PTPN6,0
54517,PUS7,0
9230,RAB11B,0
8480,RAE1,0
6184,RPN1,0
6241,RRM2,0
54809,SAMD9,0
6319,SCD,0
79966,SCD5,0
7536,SF1,0
6520,SLC3A2,0
6717,SRI,0
6812,STXBP1,0
387082,SUMO4,0
6888,TALDO1,0
128989,TANGO2,0
54499,TMCO1,0
200081,TXLNA,0
7347,UCHL3,0
51569,UFM1,0
7360,UGP2,0
7385,UQCRC2,0
23214,XPO6,0
55432,YOD1,0
528,ATP6V1C1,0
2303,FOXC2,0
4884,NPTX1,0
5108,PCM1,0
6100,RP9,0
6737,TRIM21,0
8994,LIMD1,0
9053,MAP7,0
9877,ZC3H11A,0
22994,CEP131,0
23255,MTCL1,0
23524,SRRM2,0
26063,DECR2,0
27315,PGAP2,0
29781,NCAPH2,0
51382,ATP6V1D,0
51538,ZCCHC17,0
54477,PLEKHA5,0
54535,CCHCR1,0
55174,INTS10,0
55324,ABCF3,0
55722,CEP72,0
57117,INTS12,0
57508,INTS2,0
64783,RBM15,0
84271,POLDIP3,0
84324,SARNP,0
92105,INTS4,0
92749,DRC1,0
112950,MED8,0
140710,SOGA1,0
146330,FBXL16,0
222584,FAM83B,0
375248,ANKRD36,0
440026,TMEM41B,0
729440,CCDC61,0
1643,DDB2,0
7957,EPM2A,0
55626,AMBRA1,0
9882,TBC1D4,0
23548,TTC33,0
7374,UNG,0
57662,CAMSAP3,0
3550,IK,0
80201,HKDC1,0
23277,CLUH,0
10498,CARM1,0
7036,TFR2,0
4633,MYL2,0
9669,EIF5B,0
10550,ARL6IP5,0
25776,CBY1,0
117177,RAB3IP,0
10000,AKT3,0
7004,TEAD4,0
9861,PSMD6,0
9232,PTTG1,0
5888,RAD51,0
23168,RTF1,0
9554,SEC22B,0
221150,SKA3,0
6628,SNRPB,0
6637,SNRPG,0
6873,TAF2,0
8914,TIMELESS,0
9039,UBA3,0
55850,USE1,0
23335,WDR7,0
91746,YTHDC1,0
118472,ZNF511,0
115290,FBXO17,0
47,ACLY,0
55656,INTS8,0
51295,ECSIT,0
25896,INTS7,0
79035,NABP2,0
51278,IER5,0
440087,SMCO3,0
5347,PLK1,0
64682,ANAPC1,0
29945,ANAPC4,0
51434,ANAPC7,0
5605,MAP2K2,0
5294,PIK3CG,0
3695,ITGB7,0
5753,PTK6,0
4056,LTC4S,0
7297,TYK2,0
5803,PTPRZ1,0
5409,PNMT,0
7263,TST,0
3978,LIG1,0
9472,AKAP6,0
9919,SEC16A,0
378,ARF4,0
7171,TPM4,0
1891,ECH1,0
3029,HAGH,0
54839,LRRC49,0
7273,TTN,0
59345,GNB4,0
80273,GRPEL1,0
57677,ZFP14,0
9578,CDC42BPB,0
7074,TIAM1,0
594,BCKDHB,0
4704,NDUFA9,0
51011,FAHD2A,0
4035,LRP1,0
523,ATP6V1A,0
80727,TTYH3,0
55214,P3H2,0
359710,BPIFB3,0
4191,MDH2,0
205,AK4,0
23344,ESYT1,0
6745,SSR1,0
23530,NNT,0
25923,ATL3,0
5351,PLOD1,0
3958,LGALS3,0
64175,P3H1,0
7384,UQCRC1,0
57142,RTN4,0
22921,MSRB2,0
83440,ADPGK,0
219,ALDH1B1,0
535,ATP6V0A1,0
4719,NDUFS1,0
1312,COMT,0
9114,ATP6V0D1,0
10165,SLC25A13,0
57175,CORO1B,0
80221,ACSF2,0
84908,FAM136A,0
38,ACAT1,0
444,ASPH,0
30,ACAA1,0
84681,HINT2,0
388753,COA6,0
29937,NENF,0
50808,AK3,0
374882,TMEM205,0
51014,TMED7,0
4060,LUM,0
204,AK2,0
10105,PPIF,0
3033,HADH,0
2108,ETFA,0
84886,C1orf198,0
25932,CLIC4,0
51218,GLRX5,0
9380,GRHPR,0
54704,PDP1,0
27068,PPA2,0
7345,UCHL1,0
51166,AADAT,0
51,ACOX1,0
131474,CHCHD4,0
10587,TXNRD2,0
51727,CMPK1,0
55333,SYNJ2BP,0
7296,TXNRD1,0
5832,ALDH18A1,0
80331,DNAJC5,0
60681,FKBP10,0
9446,GSTO1,0
9562,MINPP1,0
23203,PMPCA,0
8801,SUCLG2,0
1717,DHCR7,0
950,SCARB2,0
23589,CARHSP1,0
100132565,GOLGA8F,0
342096,GOLGA6A,0
116225,ZMYND19,0
388333,SPDYE4,0
143241,DYDC1,0
8192,CLPP,0
55833,UBAP2,0
79839,CCDC102B,0
122769,LRR1,0
27132,CPNE7,0
26147,PHF19,0
51773,RSF1,0
1768,DNAH6,0
168374,ZNF92,0
9696,CROCC,0
390792,KRT39,0
9052,GPRC5A,0
7095,SEC62,0
1020,CDK5,0
84033,OBSCN,0
57616,TSHZ3,0
157313,CDCA2,0
28981,IFT81,0
57122,NUP107,0
84263,HSDL2,0
6508,SLC4A3,0
120935,CCDC38,0
7373,COL14A1,0
57492,ARID1B,0
3688,ITGB1,0
6619,SNAPC3,0
604,BCL6,0
1674,DES,0
169792,GLIS3,0
9969,MED13,0
54623,PAF1,0
29068,ZBTB44,0
23493,HEY2,0
22992,KDM2A,0
9611,NCOR1,0
23557,SNAPIN,0
6710,SPTB,0
1832,DSP,0
8997,KALRN,0
4122,MAN2A2,0
4703,NEB,0
1639,DCTN1,0
23095,KIF1B,0
961,CD47,0
9601,PDIA4,0
2287,FKBP3,0
9939,RBM8A,0
3692,EIF6,0
81532,MOB2,0
84131,CEP78,0
79718,TBL1XR1,0
126119,JOSD2,0
11184,MAP4K1,0
8491,MAP4K3,0
9912,ARHGAP44,0
9152,SLC6A5,0
387104,SOGA3,0
9208,LRRFIP1,0
57224,NHSL1,0
389792,IER5L,0
8826,IQGAP1,0
10776,ARPP19,0
10193,RNF41,0
10788,IQGAP2,0
84447,SYVN1,0
10197,PSME3,0
84335,AKT1S1,0
960,CD44,0
25852,ARMC8,0
4289,MKLN1,0
57458,TMCC3,0
57180,ACTR3B,0
55608,ANKRD10,0
11160,ERLIN2,0
2872,MKNK2,0
142940,TRUB1,0
5074,PAWR,0
51497,NELFCD,0
5430,POLR2A,0
5433,POLR2D,0
7469,NELFA,0
25920,NELFB,0
10787,NCKAP1,0
100529241,HSPE1-MOB4,0
58493,INIP,0
92521,SPECC1,0
26118,WSB1,0
113130,CDCA5,0
3609,ILF3,0
286887,KRT6C,0
4830,NME1,0
23710,GABARAPL1,0
1073,CFL2,0
6175,RPLP0,0
3146,HMGB1,0
3310,HSPA6,0
3181,HNRNPA2B1,0
3148,HMGB2,0
6203,RPS9,0
5903,RANBP2,0
60,ACTB,0
6189,RPS3A,0
5901,RAN,0
163,AP2B1,0
6500,SKP1,0
4904,YBX1,0
3192,HNRNPU,0
10487,CAP1,0
6742,SSBP1,0
800,CALD1,0
1660,DHX9,0
3608,ILF2,0
10949,HNRNPA0,0
5062,PAK2,0
8761,PABPC4,0
1266,CNN3,0
1808,DPYSL2,0
79709,COLGALT1,0
55748,CNDP2,0
6311,ATXN2,0
3182,HNRNPAB,0
84081,NSRP1,0
27101,CACYBP,0
10011,SRA1,0
22827,PUF60,0
7094,TLN1,0
23215,PRRC2C,0
501,ALDH7A1,0
4501,MT1X,0
8991,SELENBP1,0
22949,PTGR1,0
55312,RFK,0
8836,GGH,0
80700,UBXN6,0
64080,RBKS,0
9782,MATR3,0
4436,MSH2,0
221937,FOXK1,0
1642,DDB1,0
11100,HNRNPUL1,0
9416,DDX23,0
10061,ABCF2,0
11112,HIBADH,0
9261,MAPKAPK2,0
57486,NLN,0
55862,ECHDC1,0
5604,MAP2K1,0
3799,KIF5B,0
5704,PSMC4,0
6204,RPS10,0
5713,PSMD7,0
3185,HNRNPF,0
8775,NAPA,0
6633,SNRPD2,0
1981,EIF4G1,0
3831,KLC1,0
2803,GOLGA4,0
427,ASAH1,0
23193,GANAB,0
11047,ADRM1,0
23367,LARP1,0
10808,HSPH1,0
64151,NCAPG,0
22950,SLC4A1AP,0
149986,LSM14B,0
79657,RPAP3,0
51534,VTA1,0
10051,SMC4,0
29959,NRBP1,0
57510,XPO5,0
51010,EXOSC3,0
5719,PSMD13,0
2873,GPS1,0
7518,XRCC4,0
51742,ARID4B,0
55291,PPP6R3,0
84946,LTV1,0
51808,PHAX,0
9967,THRAP3,0
5510,PPP1R7,0
84259,DCUN1D5,0
8842,PROM1,0
23219,FBXO28,0
56898,BDH2,0
11059,WWP1,0
10713,USP39,0
5726,TAS2R38,0
81847,RNF146,0
